"hahaha. using a 50MB cable internet by Vodafone/unitymedia. See internet speed test (25 September, 12:10PM). 

Evenâ€¦ https://t.co/e6aIme0PfM",Mixed11035655,2020-09-25 10:39:48,,0,0,Neutral_Tweet,de
RT @gwenofmonmouth: I just found this picture on the Internet and honestly ğŸ‘ŒğŸ‘ŒğŸ‘ŒğŸ‘Œ https://t.co/xV2DeBrfJM,tubafoon,2020-09-25 10:39:48,,1141,0,Neutral_Tweet,de
A new technology is being developed for the future! Tune in on September 29that 7PM (CEST) to watch our livestreamâ€¦ https://t.co/iJ0IHZvL46,BMW_Welt,2020-09-25 10:39:47,"Munich, Germany",0,0,Neutral_Tweet,de
@__melwilsonnn @kaylaroyxo think the internet has seen enough of my arse ğŸ¤£,tiegannimmo,2020-09-25 10:39:47,"Kilmarnock, Scotland",0,0,Neutral_Tweet,de
RT @rbb24: Das Berliner Unternehmen #RocketInternet kann sich von der BÃ¶rse zurÃ¼ckziehen. Die AktionÃ¤re stimmten einem entsprechenden Vorscâ€¦,wachsam_sein,2020-09-25 10:39:47,"Kreuzberg, Berlin",4,0,Neutral_Tweet,de
tanang natubagan nako na mga tao na bugo sa fb dot com ba kay str8 damn required ba talaga na kapag str8 bobo talagâ€¦ https://t.co/JQ0uFKTqKw,freshavocadoes_,2020-09-25 10:39:44,akaashi akashi kakashi,0,0,Neutral_Tweet,de
"Antes de comentar algo, principalmente na internet, questione: â€œvai ajudar em algo? Vai melhorar algo? Minhas palavâ€¦ https://t.co/SbboIkX9R6",rox_alana,2020-09-25 10:39:44,"SÃ£o Paulo, Brasil",0,0,Neutral_Tweet,de
RT @oemputecido: atualmente esse eh o meu video favorito da internet https://t.co/s7tcuK7KN1,maarlt,2020-09-25 10:39:43,Chromatica,3334,0,Neutral_Tweet,de
"RT @ABC: In a photo shoot that's equal parts scary and adorable, this three-year-old is scaring up a lot of attention on the internet withâ€¦",Pulfer680News,2020-09-25 10:39:43,Toronto,11,0,Neutral_Tweet,de
"@sara67684442 Ø£Ù‡Ù„Ø§ Ø¨Ùƒ :
ÙŠÙ…ÙƒÙ†Ùƒ Ø§Ù„ØªØ³Ø¬ÙŠÙ„ ÙÙŠ Ø§Ù„Ø§Ø®ØªØ¨Ø§Ø±Ø§Øª Ø§Ù„ÙˆØ±Ù‚ÙŠØ© ÙˆØ§Ù„Ù…Ø­ÙˆØ³Ø¨Ø© Ù…Ù† Ø®Ù„Ø§Ù„ Ø§Ù„Ø±Ø§Ø¨Ø· Ø§Ù„ØªØ§Ù„ÙŠ : https://t.co/6mEASOavMo",EtecCare,2020-09-25 10:39:43,Kingdom of Saudi Arabia,0,0,Neutral_Tweet,de
"RT @matthcotta: Eu e minha namorada estamos atrÃ¡s dos planos atrasados pela pandemia, juntamos tudo que tinhamos ( quase nada kk) e abrimosâ€¦",Julitagatita,2020-09-25 10:39:43,Em casa ,2768,0,Neutral_Tweet,de
RT @OloriOfOloris: You shouldnâ€™t be posting certain stuffs on the internet. It will come back to bite you one day and the internet literallâ€¦,AmaluFuchi,2020-09-25 10:39:43,,8,0,Neutral_Tweet,de
"@StefanLeifert @EU_Eurostat Das Schulsystem ist einfach eines der schlechtesten in Europa. Marode Schulen, Internetâ€¦ https://t.co/CgaFkVBW1K",Augenzeuge2,2020-09-25 10:39:43,,0,0,Neutral_Tweet,de
"RT @WolffWaldo: Siendo las 2:38 de la maÃ±ana, estando en mi domicilio sin 4 g y sin internet y tratando de votar una ley a la que le cambiaâ€¦",Sannegris,2020-09-25 10:39:42,Argentina,787,0,Neutral_Tweet,de
RT @KratomKid: â¦@ChrissieMayrâ© you should have â¦@FreeVukovichâ© on your podcast to talk about her brother the #AlaskanAvenger #SaveTheChildrâ€¦,fleurderevolte,2020-09-25 10:39:42,entre terre et mer,1,0,Neutral_Tweet,de
Gg internet,J3ch_eli,2020-09-25 10:39:41,,0,0,Neutral_Tweet,de
RT @H3artShaped_BoX: Vai ser do caralho o dia em que os ancaps decidirem brigar com o estado ao invÃ©s de mirar em gente aleatÃ³ria na internâ€¦,_Kenya____,2020-09-25 10:39:41,"Nairobi, Kenya",6,0,Neutral_Tweet,de
@JoseLuisYepez Desde hace mÃ¡s de 55 dÃ­as el municipio Palavecino esta sin internet y TV por cable y la empresa INTEâ€¦ https://t.co/PxlPed7cqf,TomasEnriqueAl5,2020-09-25 10:39:41,Cabudare,0,0,Neutral_Tweet,de
Q INTERNET DE MIERDA Q TENGO QMIGO NO PUEDO JUGAR UNA PARTIDA DE MIERDA Q ME QUEDO SIN INTERNET,hw9lt,2020-09-25 10:39:40,,0,0,Neutral_Tweet,de
RT @theestallion: Black women are so unprotected &amp; we hold so many things in to protect the feelings of others w/o considering our own. Itâ€¦,BigMamaJass,2020-09-25 10:39:40,"Atlanta, GA",138830,0,Neutral_Tweet,de
@markknoller How can @CBSNews hire a person like this who doesn't even do a simple Google search to see that the phâ€¦ https://t.co/X6lgZV1UvQ,NancyLCouch1,2020-09-25 10:39:40,,0,0,Neutral_Tweet,de
probs no internet service for 5 days starting tomorrow ğŸ¥² https://t.co/XvTaIlULxs,KumiTweets,2020-09-25 10:39:40,( â‰–_â‰–) âœ§ yaoi ,0,0,Neutral_Tweet,de
Shout out kay converge super lakas po ng internet sobraaaaağŸ˜‚,Rhiannnnn08,2020-09-25 10:39:40,,0,0,Neutral_Tweet,de
"Me trying to understand why the internet misuses bomboclaat constantly, sometimes getting it right though but everyâ€¦ https://t.co/Ipl2yYrXEa",RozayRoho,2020-09-25 10:39:39,,0,0,Neutral_Tweet,de
"RT @FerIglesias: La sesiÃ³n de de hoy fue bochornosa. Escenas pornogrÃ¡ficas, votaciones completas que fueron revertidas, diputados que no puâ€¦",Lacarme22523638,2020-09-25 10:39:39,,426,0,Neutral_Tweet,de
"RT @abandxnhxpe: For context this is for late bills I own about 104 the internet and 60 for the electricity bill, 100 for my phone ( the deâ€¦",abandxnhxpe,2020-09-25 10:39:39,,2,0,Neutral_Tweet,de
"gue gapernah beli asli kecuali dosennya yang nulis buku, gimana dong ğŸ˜£ di internet sih ada yg ngasih ebook gratis gâ€¦ https://t.co/AnMxks6eZ6",gcfdynamite,2020-09-25 10:39:39,"she/her, 22",0,0,Neutral_Tweet,de
"RT @KibetBenard_: @InfoKfcb  @EzekielMutua  is committed in protecting our Children in Kenya and East Africa .
Dont miss out  this week webâ€¦",CampusLifeKe,2020-09-25 10:39:39,,26,0,Neutral_Tweet,de
"@nikhikalpita These people have spread dirt on the Internet, to come to it means to set ur feet in the mud, stay awâ€¦ https://t.co/FGOxRFMqJs",tiwarigaurav074,2020-09-25 10:39:39,"New Delhi, India",0,0,Neutral_Tweet,de
ãŠã„ã—ã„ãƒ‘ã‚¹ã‚¿ãŒã‚ã‚‹ã¨èã„ã¦ã®ãƒ¬ãƒ³ã‚¿ãƒ«ã¯ã„ã¤ã‹ã‚‰ï¼Ÿãƒãƒƒãƒˆã‚„å®Ÿåº—èˆ—ã‚’èª¿æŸ»ï¼ https://t.co/ngV3vwQyvJ,mentaru_3_0,2020-09-25 10:39:39,æ—¥æœ¬,0,0,Neutral_Tweet,de
"RT @JayswaySmoov: @JAYVERSACE â€œEverybodyâ€
Me: â€œHAAAAYAAATES CHRrriiisâ€ https://t.co/NYiMLdwPlp",internet_threat,2020-09-25 10:39:39,205,1064,0,Neutral_Tweet,de
"Wait...WHAT? 
""I invented ethanol."" ???
Didn't Al Gore get his ass handed to him for saying he invented the interneâ€¦ https://t.co/IoXwF8yFwq",BlufftonHHI,2020-09-25 10:39:37,"Hilton Head Island, SC",0,0,Neutral_Tweet,de
"RT @FerIglesias: La sesiÃ³n de de hoy fue bochornosa. Escenas pornogrÃ¡ficas, votaciones completas que fueron revertidas, diputados que no puâ€¦",gravm22,2020-09-25 10:39:36,Villa Mercedes-SL-Argentina,427,0,Neutral_Tweet,de
#Vintage style #Wine posters sold on the internet by local artist. https://t.co/FpAqjNY1my via @figstreetstudio,figstreetstudio,2020-09-25 10:39:36,World Wide,0,0,Neutral_Tweet,de
"Update #3: So i guess according to the internet with people who are camping at other gamestops, they have signs posâ€¦ https://t.co/c5nHTyAZ9l",DebranCudi_5,2020-09-25 10:39:36,Mentally in a different world,0,0,Neutral_Tweet,de
@erices_a @sebastian_gray @evelynmatthei @Muni_provi @pablojaeger @tomasechiburu @ProviParticipa Y a la alcaldesaâ€¦ https://t.co/bR9UY7nDki,feloriverafelo,2020-09-25 10:39:35,"Santiago, Chile",0,0,Neutral_Tweet,de
@C3vLocke @SchwoarzMola @sgretolatore @benedettagst @Twittaia1 @robertdolci @GianfrancoFeeni @ngiocoliâ€¦ https://t.co/2WYVHYjs4Z,Colombatto,2020-09-25 10:39:35,Italy,0,0,Neutral_Tweet,de
"RT @ABC: In a photo shoot that's equal parts scary and adorable, this three-year-old is scaring up a lot of attention on the internet withâ€¦",Lilythiyotan,2020-09-25 10:39:35,ä¸€å¿œæ±äº¬ã‚‰ã—ã„,11,0,Neutral_Tweet,de
"RT @abooklaziz: If itâ€™s on the internet itâ€™s everyoneâ€™s business, shut up",dumblediorr,2020-09-25 10:39:35,,5,0,Neutral_Tweet,de
"@yelayu @dayron43580639 Nigga, the way you attacking everybody here for airing there opinion seems to me you have aâ€¦ https://t.co/rCEaeJCmEe",emeka305,2020-09-25 10:39:35,á´‹á´É´á´Êœá´€,0,0,Neutral_Tweet,de
@cipesaug @googlepubpolicy @internetfreedom @FordFoundation Am more interested on the Internet shutdowns in Africaâ€¦ https://t.co/gUnImkEy62,IvanPinno,2020-09-25 10:39:35,Uganda | Kenya ,0,0,Neutral_Tweet,de
RT @Sofixne__: Toujours une des meilleurs vidÃ©os dâ€™internet Ã§a bouge ap https://t.co/kT5dZiU0Og,_john971,2020-09-25 10:39:34,"Paris, France",449,0,Neutral_Tweet,de
"RT @afrobudah: cara, que saco a internet! deixem as pessoas em paz, INFERNO!!!",PedroToso3,2020-09-25 10:39:34,ğŸ‡§ğŸ‡·,105,0,Neutral_Tweet,de
"Se alguÃ©m me seguir e eu n seguir de volta,Ã© pq eu desinstalei o tt e tÃ´ desligando a internet,mas quando eu entrar de novo,eu sigo",jaejud6,2020-09-25 10:39:34,â€¢ã…¤ã…¤#ã…¤ğ‘’ğ‘£ğ‘’ğ‘›.ã…¤ğ“ˆˆã…¤ğŸŒŠã…¤â‰€,0,0,Neutral_Tweet,de
RT @DaseanULTRA: Bruh just say what yâ€™all want to say. The internet isnâ€™t a real place. Nobody cares how these mfs feel. We donâ€™t know eachâ€¦,Sawyerrrrr__,2020-09-25 10:39:34,"Durham, NC",2,0,Neutral_Tweet,de
RT @MewSeason: I need to continue working now...just take a lookğŸ’– The internet..555 #TedxMewSuppasit https://t.co/klJXKZOXL4,Yi19971013Huang,2020-09-25 10:39:33,Taiwan,90,0,Neutral_Tweet,de
People be swearing they know you from some shit they saw on the internet,Mike_Streets,2020-09-25 10:39:31,"Las Vegas, NV",0,0,Neutral_Tweet,de
RT @inscaleglobal: October = #PSL + #Halloween +  #CybersecurityAwarenessMonth. What are you doing to keep the internet safer and more secuâ€¦,jarod_lwk,2020-09-25 10:39:31,Kuala Lumpur City,4,0,Neutral_Tweet,de
"RT @kaori_oinuma: Sorry guys, sa magulo kong internet connection huhuhu, but thank you sa inyong lahat sa support and love para sa 4G!!!",LilMixFanatic,2020-09-25 10:39:31,Republic of the Philippines,155,0,Neutral_Tweet,de
RT @mariadelos1981: No funcionan bien los celulares y en la oficina se cayÃ³ otra vez el servicio de Internet . En 4 aÃ±os jamÃ¡s tuvimos probâ€¦,argentoca,2020-09-25 10:39:31,,341,0,Neutral_Tweet,de
"RT @FerIglesias: La sesiÃ³n de de hoy fue bochornosa. Escenas pornogrÃ¡ficas, votaciones completas que fueron revertidas, diputados que no puâ€¦",patotybor,2020-09-25 10:39:31,,427,0,Neutral_Tweet,de
RT @Sdchachaze: Internet en ce moment https://t.co/GWRZ5HXxXY,7hrsU,2020-09-25 10:39:30,,987,0,Neutral_Tweet,de
"RT @n666cebanned: WHATS UP EARLY MORNING MFS INTERNET FRIENDS IS ON SPOTIFY GIMME A GOD DAM RTğŸ¤˜â¤ï¸ğŸ¤˜

https://t.co/8hA80tPngG",WillowHillMotel,2020-09-25 10:39:29,"Pittsburgh, PA",8,0,Neutral_Tweet,de
"RT @NaSeppuku: â¦@DiazCanelBâ© y tÃº todavÃ­a te atreves a exigir la democratizaciÃ³n de la ONU, mientras el rÃ©gimen cubano continÃºa pisoteandoâ€¦",snob_john,2020-09-25 10:39:29,,6,0,Neutral_Tweet,de
"RT @donl___: menozada brisando nessazideia de ancap de vÃ­deo de youtube, xeu dar um papo aqui puceis, isso nÃ£o faz nenhum sentido. tentem pâ€¦",LucaGAntoniazzi,2020-09-25 10:39:29,"Lajeado, Brasil",412,0,Neutral_Tweet,de
"RT @KibetBenard_: @InfoKfcb  @EzekielMutua  is committed in protecting our Children in Kenya and East Africa .
Dont miss out  this week webâ€¦",cheptoore,2020-09-25 10:39:28,,26,0,Neutral_Tweet,de
"RT @FerIglesias: La sesiÃ³n de de hoy fue bochornosa. Escenas pornogrÃ¡ficas, votaciones completas que fueron revertidas, diputados que no puâ€¦",CapScarlet19,2020-09-25 10:39:28,,427,0,Neutral_Tweet,de
"@kazumi_saitoh è‰ã®ä½¿ã„æ–¹ã€ãƒªãƒ³ã‚¯ã«è²¼ã£ã¨ãã¾ã™ã­ã€‚ï¼

https://t.co/3Fmhc3Mkm3",daiki11z,2020-09-25 10:39:28,é–¢è¥¿é·¹è™å…š,0,0,Neutral_Tweet,de
Intelligent IoT: Bringing the power of AI to the Internet of Things. #https://www.eletimes.com/intelligent-iot-brinâ€¦ https://t.co/zT7VSl8mP0,LawrenceTomm,2020-09-25 10:39:28,"Kampala, Uganda",0,0,Neutral_Tweet,de
"RT @FerIglesias: La sesiÃ³n de de hoy fue bochornosa. Escenas pornogrÃ¡ficas, votaciones completas que fueron revertidas, diputados que no puâ€¦",Cuartodemila,2020-09-25 10:39:27,,427,0,Neutral_Tweet,de
RT @Sdchachaze: Internet en ce moment https://t.co/GWRZ5HXxXY,geronimo3tr,2020-09-25 10:39:27,,987,0,Neutral_Tweet,de
"A net de mainha simplesmente parou e a minha Ã© sÃ³ p whats e tt, tÃ¡ Ã³timo sabe kkk eu levar falta mais uma vez por câ€¦ https://t.co/QvjtGNXYpY",BruxaM1a,2020-09-25 10:39:27,,0,0,Neutral_Tweet,de
"@DanCasey_14 We are sorry that you are having issues with the Internet connectivity, if you still need assistance pâ€¦ https://t.co/XjQ7yK4qoe",Ask_Spectrum,2020-09-25 10:39:26,United States,0,0,Neutral_Tweet,de
"Saying you have ""obscure taste in art"" in an internet forum centered around the medium of said art is a double-edgeâ€¦ https://t.co/FMzpvCnvTI",kneekollie,2020-09-25 10:39:26,Pilipinas,0,0,Neutral_Tweet,de
@LachaudB @BrunoLeMaire @Conv_Citoyenne Pourquoi mettre l'Ã©cotaxe sur un secteur moribond qui fait 3.5% des GES monâ€¦ https://t.co/OaUvAiZYmH,La_Calame,2020-09-25 10:39:26,France,0,0,Neutral_Tweet,de
"RT @FerIglesias: La sesiÃ³n de de hoy fue bochornosa. Escenas pornogrÃ¡ficas, votaciones completas que fueron revertidas, diputados que no puâ€¦",Gladysitatibar2,2020-09-25 10:39:25,,427,0,Neutral_Tweet,de
RT @babiegulf: not everyone has the privilege to access a strong and stable internet connection ang sabi ko ACADEMIC FREEZE â€¼ ay chz wrongâ€¦,GraceWNJ,2020-09-25 10:39:25,nakikiconnect sa wifi ni Mew ,28,0,Neutral_Tweet,de
"RT @WolffWaldo: Siendo las 2:38 de la maÃ±ana, estando en mi domicilio sin 4 g y sin internet y tratando de votar una ley a la que le cambiaâ€¦",chanitamia1,2020-09-25 10:39:25,,788,0,Neutral_Tweet,de
"@MyLittleDollys Va sur carrefour spectacles!! AprÃ¨s des heures, aprÃ¨s Ãªtre allÃ© Ã  carrefour et me dire Â«Â plus de plâ€¦ https://t.co/yt8LlCiWWj",AnaisPmrt,2020-09-25 10:39:24,,0,0,Neutral_Tweet,de
AÃ­ai bom dia naÃ§Ã£o da internet https://t.co/gyBytJeM3h,henriquefermian,2020-09-25 10:39:23,,0,0,Neutral_Tweet,de
#AVERIAS #ABA #LomasDelAvilaSinAba #PaloverdeSinABA  #sinABA @ContactoCantv @AbaCantvReport #Aba_cantv_reportesâ€¦ https://t.co/whoE5nP2IT,jlcas1,2020-09-25 10:39:23,Caracas,0,0,Neutral_Tweet,de
@koochikoochikuu @Mooroo4 @PTAofficialpk Comeon man Even Iran internet connection is better then ours,Sai1Tk,2020-09-25 10:39:23,Brooklyn Newyork,0,0,Neutral_Tweet,de
"RT @WoonieDeer: 200925 Mymusictaste Video Call

Internet was so bad..
#Day6 #Dowoon #ë„ìš´ https://t.co/BkjSi2YK3w",myday_for_you,2020-09-25 10:39:23,Can we survive this demon?,166,0,Neutral_Tweet,de
RT @DiorHobi__: Cuando conocemos a alguien por Internet no estamos muy seguros si son las personas que dicen ser o alguien completamente diâ€¦,MinRJSea,2020-09-25 10:39:23,"Lima, Peru",14,0,Neutral_Tweet,de
"RT @acoxstpd: Quiz kata baku tanpa harus download aplikasi dan bisa diakses di device apa aja asal ada internet: https://t.co/CvwZP0qeRD

Pâ€¦",txtfromnif,2020-09-25 10:39:22,soon at UGM,367,0,Neutral_Tweet,de
"RT @kaori_oinuma: Sorry guys, sa magulo kong internet connection huhuhu, but thank you sa inyong lahat sa support and love para sa 4G!!!",christinekaori,2020-09-25 10:39:20,oinuma's,155,0,Neutral_Tweet,de
"RT @ugly51: LO3 Energy - funded by Shell and Microsoft - has already switched from Hyperledger to Energy Web... ğŸš€ğŸ’

Many more will follow.â€¦",Ocean_Krill,2020-09-25 10:39:20,In the Ocean (of Data),16,0,Neutral_Tweet,de
"RT @ABC: In a photo shoot that's equal parts scary and adorable, this three-year-old is scaring up a lot of attention on the internet withâ€¦",DJ_LEGION_ONE,2020-09-25 10:39:20,"BROOKLYN, NYC",11,0,Neutral_Tweet,de
Suis-je la seule Ã  trouver que les dÃ©marches administratives sur Internet deviennent ingÃ©rables ???,iamthcoco,2020-09-25 10:39:18,"Ile-de-France, France",0,0,Neutral_Tweet,de
"@FTNKHRL @lerkvd Misi kak. Maaf OOT. 

Aku cuma mau ajakin kalian yang punya rezeki lebih dan keleluasaan mengaksesâ€¦ https://t.co/1a7SDO5VuG",hellonichan,2020-09-25 10:39:16,Sudut Kasur Kuning,0,0,Neutral_Tweet,de
"@JioCare There is a JIO network just 200 meters away from my home. 
Still inside my room the internet speed is lowâ€¦ https://t.co/ArMi4r7upy",Anishkumarsahoo,2020-09-25 10:39:16,"Jajpur, India",0,0,Neutral_Tweet,de
"@KayleyYarmouth @simondolan If it wasn't for the media and the internet, we would be back to normal leading normal lives.",Stewart97362703,2020-09-25 10:39:16,,0,0,Neutral_Tweet,de
"RT @FerIglesias: La sesiÃ³n de de hoy fue bochornosa. Escenas pornogrÃ¡ficas, votaciones completas que fueron revertidas, diputados que no puâ€¦",apetob,2020-09-25 10:39:16,,427,0,Neutral_Tweet,de
Congrats to this brave solider for doing the most taboo thing on the internet of all: calling something corny and lâ€¦ https://t.co/Gi1vAkatgf,ChabanyDouarre,2020-09-25 10:39:15,"London, England",0,1,Neutral_Tweet,de
Internet died so imma be gone for a lil bit,RonnieIsBetter,2020-09-25 10:39:15,United Kingdom,0,0,Neutral_Tweet,de
"Sahabat #DisdikbudKendal, yuk simak petunjuk teknis bantuan kuota data internet tahun 2020 bagi siswa dan guru Pendâ€¦ https://t.co/zt6WaBkWOq",disdikbudkendal,2020-09-25 10:39:15,Kabupaten Kendal,0,0,Neutral_Tweet,de
"RT @WolffWaldo: Siendo las 2:38 de la maÃ±ana, estando en mi domicilio sin 4 g y sin internet y tratando de votar una ley a la que le cambiaâ€¦",castejonmarcos,2020-09-25 10:39:15,Cordoba,788,0,Neutral_Tweet,de
RT @wukoo_: Temos que fazer uma petiÃ§Ã£o de internet pra criar raquetes de vÃ´lei e criar um novo esporte...,aaaaaaakrl,2020-09-25 10:39:14,Roswaal's mansion,2,0,Neutral_Tweet,de
"RT @IGOT7Brasil: ğŸ: â€œHoje em dia muitas pessoas estranhas gostam de dizer coisas ruins na internet, mas vocÃª sabe que eles nunca aparecem eâ€¦",vipfewol,2020-09-25 10:39:14,ğ•·ğ–ğ–›ğ–Šğ–—ğ–•ğ–”ğ–”ğ–‘ ,179,0,Neutral_Tweet,de
"RT @kgosztola: Eller was asked to consider allegations in indictmentâ€”that Assange assisted Manning in ""cracking a password stored on US Depâ€¦",rblay1981,2020-09-25 10:39:14,"Lawrence, Kansas",8,0,Neutral_Tweet,de
@TurkTelekom 1 hafta Ã¶nce var olan alt yapÄ±mÄ±n ÅŸu anda olmamasÄ± nedeniyle internet baÄŸlatamÄ±yorum ?? Ä°stanbulun gÃ¶bâ€¦ https://t.co/mO6DZXVWAy,bbiyelidusunur,2020-09-25 10:39:13,,0,0,Neutral_Tweet,de
"RT @WolffWaldo: Siendo las 2:38 de la maÃ±ana, estando en mi domicilio sin 4 g y sin internet y tratando de votar una ley a la que le cambiaâ€¦",danykiou,2020-09-25 10:39:13,,789,0,Neutral_Tweet,de
dersteyken internet gitti bugÃ¼nde yok yazÄ±lacaÄŸÄ±m ve geri kalacaÄŸÄ±m... harika,gilbxrtgrape,2020-09-25 10:39:13,,0,0,Neutral_Tweet,de
"Wie will man sich dem entziehen? Kein Radio, kein Fernsehen, keine Zeitungen wÃ¤re ja nicht schlimm - aber auch aufâ€¦ https://t.co/zGSzZ0XYaL",voxpopuli01,2020-09-25 10:39:13,frÃ¼her BONN seit 1999 BERLIN,0,0,Neutral_Tweet,de
RT @gwenofmonmouth: I just found this picture on the Internet and honestly ğŸ‘ŒğŸ‘ŒğŸ‘ŒğŸ‘Œ https://t.co/xV2DeBrfJM,otsfestival,2020-09-25 10:39:11,Sheffield,1143,0,Neutral_Tweet,de
@HathwayBrdband Worst internet service provider. I have filled complaint 3 days ago but no one is responding. Do noâ€¦ https://t.co/gTaEiYf362,neeaj_sharma,2020-09-25 10:39:11,,0,0,Neutral_Tweet,de
RT @Sofixne__: Toujours une des meilleurs vidÃ©os dâ€™internet Ã§a bouge ap https://t.co/kT5dZiU0Og,neess_,2020-09-25 10:39:11,Paris Karadeniz,449,0,Neutral_Tweet,de
NAWAWALAN NA KAMI NG INTERNET TANGINAMO PLDT HAHAHAHAHAHHAAHAHHAHAHA NABBWSET AKO DI PA KO NAKAKAPAG DL NG MOVIES,kihyunsholycrab,2020-09-25 10:39:10,"Seoul, Republic of Korea",0,0,Neutral_Tweet,de
@jeroen_stolk @roomkes @VizierOpLinks @PolitiekBIJ1 @SylvanaBIJ1 Er word een heleboel gescholden op internet. Dat sâ€¦ https://t.co/PJrMUdwwnz,muntverzamelaar,2020-09-25 10:39:10,"Haarlem, Nederland",0,0,Neutral_Tweet,de
"@mchlbgs Bonjour, Afin de vous apporter mon aide concernant votre accÃ¨s Internet, je vous invite Ã  me communiquer vâ€¦ https://t.co/dERDnPyOuJ",Sosh_fr,2020-09-25 10:39:09,,0,0,Neutral_Tweet,de
