"RT @pookleblinky: Every heartwarming human interest story in america is like ""he raised $20,000 to keep 200 orphans from being crushed in tâ€¦",leogobsin,2020-09-25 03:36:15,,356,0,Neutral_Tweet,pt
@Kristiell14 El Man es un machine jsjsjs,RikaButler,2020-09-25 03:36:13,"ColÃ³n, PanamÃ¡ ",0,0,Neutral_Tweet,pt
"RT @modernimprint: #AI, #MachineLearning Playing Important Role in Fighting #COVID19 

@baski_LA @EvanKirstel @Fabriziobustama @enricomolinâ€¦",JBarbosaPR,2020-09-25 03:36:11,"Puerto Rico, USA",6,0,Neutral_Tweet,pt
"æ–°åˆŠè³¼å…¥æ¤œè¨ã—ã¦é ‚ãã‚ã‚ŠãŒã¨ã†ã”ã–ã„ã¾ã™ğŸ˜˜ãƒªã‚¢ãƒ«ã‚¤ãƒ™ãƒ³ãƒˆã§ã™ãŒã‚µãƒ¼ã‚¯ãƒ«å‚åŠ ã¯ä»Šã®ã¨ã“ã‚ã¾ã£ãŸãç›®å‡¦ãŒç«‹ã£ã¦ã„ã¾ã›ã‚“ã€‚ã¨ã‚Šã‚ãˆãšå¹´å†…ã¯ãªã„ã¨æ€ã£ã¦é ‚ãå¤§ä¸ˆå¤«ã§ã™ã€‚
#ãƒã‚·ãƒ¥ãƒãƒ­ã‚’æŠ•ã’åˆãŠã†
https://t.co/bg50hm33zD",kiss_machine,2020-09-25 03:36:08,ç¥å¥ˆå·çœŒåƒä»£ç”°åŒº,0,0,Neutral_Tweet,pt
"RT @HALSEYBRSL: O Machine Gun Kelly acabou de lanÃ§ar seu novo Ã¡lbum ""Tickets To My Downfall"" que contÃ©m a parceria com a Halsey chamada ""Foâ€¦",ybludirection,2020-09-25 03:36:05,princess park,56,0,Neutral_Tweet,pt
RT @Money23Green: Itâ€™s actually impossible for the NBA to be fixed. Itâ€™s just not a machine that you can program. Itâ€™s actual real life andâ€¦,johnrivers131,2020-09-25 03:36:03,,94,0,Neutral_Tweet,pt
RT @Money23Green: Itâ€™s actually impossible for the NBA to be fixed. Itâ€™s just not a machine that you can program. Itâ€™s actual real life andâ€¦,soloshawn21,2020-09-25 03:36:03,,94,0,Neutral_Tweet,pt
"63E5B259 :å‚æˆ¦ID
å‚åŠ è€…å‹Ÿé›†ï¼
Lv120 ã‚´ãƒƒãƒ‰ã‚¬ãƒ¼ãƒ‰ãƒ»ãƒ–ãƒ­ãƒ¼ãƒ‡ã‚£ã‚¢
https://t.co/vPU4yCOYwz",3s_nano_machine,2020-09-25 03:36:02,,0,0,Neutral_Tweet,pt
"@terribleGrudge â¤ OHGHH .. OKAY !! pull ttthem CLOSER 2 u. and simply nuzzle against them VERY aggressively ..,,,,,â€¦ https://t.co/ukES8jL83t",barkfiend,2020-09-25 03:36:00,ğ–±ğ–¤ğ– ğ–£ ğ—ğ—ğ–¾ ğ–¼ğ—ğ—Œ ğ—‚ğ—‡ 'ğ—ˆğ—ğ—ğ–¾ğ—‹' ğ—‚ğ—‡ ğ—ğ—ğ–¾ ğ—‰ğ—‚ğ—‡ğ—‡ğ–¾ğ–½ ğ–»ğ–¾ğ–¿ğ—ˆğ—‹ğ–¾ ğ–¿ğ—ˆğ—…ğ—…ğ—ˆğ—ğ—‚ğ—‡ğ—€. â™¡ ////,0,0,Neutral_Tweet,pt
RT @Money23Green: Itâ€™s actually impossible for the NBA to be fixed. Itâ€™s just not a machine that you can program. Itâ€™s actual real life andâ€¦,phredington,2020-09-25 03:35:58,,94,0,Neutral_Tweet,pt
im gonna start fasting during the day at school. no more snacks or vending machine. i will lose weight i will loseâ€¦ https://t.co/eond986LI0,d3rmatillomania,2020-09-25 03:35:56,she/they,0,0,Neutral_Tweet,pt
"RT @odsc: In this post, we will look at how to detect a change of learned relationships between the input variables and target for a supervâ€¦",parvez1,2020-09-25 03:35:55,Bangalore,10,0,Neutral_Tweet,pt
"@ChristianWalk1r This white police-----shot and killed a 7 year old black girl with a machine gun

While she was inâ€¦ https://t.co/RFGeHX9mcb",lisagray220,2020-09-25 03:35:54,,0,0,Neutral_Tweet,pt
RT @LoopsYung: The Coom Machine https://t.co/yVDLa0tsvI,vIonejustin,2020-09-25 03:35:54,,1280,0,Neutral_Tweet,pt
"RT @pookleblinky: Every heartwarming human interest story in america is like ""he raised $20,000 to keep 200 orphans from being crushed in tâ€¦",ley__de__murphy,2020-09-25 03:35:53,Cobaya asesina de kiwis,356,0,Neutral_Tweet,pt
"RT @pookleblinky: Every heartwarming human interest story in america is like ""he raised $20,000 to keep 200 orphans from being crushed in tâ€¦",talearahman,2020-09-25 03:35:52,IG: talea.r,356,0,Neutral_Tweet,pt
RT @Money23Green: Itâ€™s actually impossible for the NBA to be fixed. Itâ€™s just not a machine that you can program. Itâ€™s actual real life andâ€¦,demorrin,2020-09-25 03:35:51,United States,95,0,Neutral_Tweet,pt
"RT @SofianeRaul: FÃ©licitations au SÃ©ville de Lopetegui pour leur match de haut niveau face au Bayern.

Les grands clubs espagnols ont lâ€™orgâ€¦",Yeezusaid18,2020-09-25 03:35:49,Senegal,365,0,Neutral_Tweet,pt
"RT @KateBennett_DC: This is an important video to watch, via @donie and @McKennaEwen. The misinformation machine is real and it's getting tâ€¦",kylieatwood,2020-09-25 03:35:47,"Washington, DC",22,0,Neutral_Tweet,pt
RT @jicksonstephen: Microsoft rolled out updates across its AI and machine learning cloud portfolio during its Ignite 2020 virtual conferenâ€¦,Ioteqhtx,2020-09-25 03:35:45,"Houston, TX",4,0,Neutral_Tweet,pt
RT @kimtopher22: Have y'all ever been woken up by your stomach gurgling? I thought the washing machine had escaped the laundry room!,smhluckyme,2020-09-25 03:35:45,"SoCal, US",21,0,Neutral_Tweet,pt
"RT @PutiMotor: ãƒ›ãƒ³ãƒ€ æ–°å‹CBR600RRãŒã€æœ¬æ—¥9/25ç™ºå£²â—ï¸

2016å¹´å›½å†…ä»•æ§˜ã®ç”Ÿç”£çµ‚äº†ã‹ã‚‰ã€æ–°ãŸãªæ­¦å™¨ã¨ãªã‚‹ã‚¦ã‚¤ãƒ³ã‚°ã‚„ã€é«˜å›è»¢åŒ–ï¼†ãƒ‘ãƒ¯ãƒ¼ã‚¢ãƒƒãƒ—ã—ãŸã‚¨ãƒ³ã‚¸ãƒ³ã€é›»å­åˆ¶å¾¡æºãˆã¦å¾©æ´»â€¼ï¸ğŸ˜³

ã€è£…å‚™è»Šé‡/ã‚·ãƒ¼ãƒˆé«˜/ã‚¿ãƒ³ã‚¯/æœ€é«˜å‡ºåŠ›/ä¾¡æ ¼ã€‘
194kg/820â€¦",kurochan413,2020-09-25 03:35:44,èŒ¨åŸ    MT25,147,0,Neutral_Tweet,pt
"@anaden_mimimi ç”³ã—è¨³ãªã„â€¦ã‚¯ã‚½ãƒ¯ãƒ­ã‚¿w
ä»Šæ—¥é ‘å¼µã£ã¦
é€±æœ«ãƒ¦ãƒƒã‚±ã§ã‚‚é£Ÿã¹ã¦ãƒ†ãƒ³ã‚·ãƒ§ãƒ³ä¸Šã’ã¦ãã ã•ã„w",gentle_machine,2020-09-25 03:35:44,ã‚¢ãƒŠã‚¿ã®å¿ƒã®ä¸­ã«,0,0,Neutral_Tweet,pt
"RT @bsw5020: In the midst of this insane day, I give you the video you didnâ€™t know you need:

A guy with ALS rocking out to some tunes fromâ€¦",nrolves,2020-09-25 03:35:44,,61,0,Neutral_Tweet,pt
RT @Money23Green: Itâ€™s actually impossible for the NBA to be fixed. Itâ€™s just not a machine that you can program. Itâ€™s actual real life andâ€¦,marfanmagic,2020-09-25 03:35:44,St. Petersburg,95,0,Neutral_Tweet,pt
"RT @pookleblinky: Every heartwarming human interest story in america is like ""he raised $20,000 to keep 200 orphans from being crushed in tâ€¦",GeeFrodo,2020-09-25 03:35:43,"Pittsburgh, PA",356,0,Neutral_Tweet,pt
this is shotaro dance!!! shotaro is dance machine ğŸ¤©ğŸ¤©ğŸ¤©ğŸ¤©ğŸ¤©ğŸ¤©ğŸ¤© https://t.co/0LoGbTc6zK,TAROY0NG,2020-09-25 03:35:38,read carrd byf,0,0,Neutral_Tweet,pt
"RT @PrettyBeaches: @RRalstonAgile @politvidchannel When he loses, he will no doubt use  FauxFakeNews and / or the new OANN conspiracy machiâ€¦",yvonnecody1326,2020-09-25 03:35:37,"Sparks, NV",1,0,Neutral_Tweet,pt
"RT @pookleblinky: Every heartwarming human interest story in america is like ""he raised $20,000 to keep 200 orphans from being crushed in tâ€¦",RobsteinOne,2020-09-25 03:35:37,New York,356,0,Neutral_Tweet,pt
"I've said it before and I'll say it again: athletes don't matter in the sports machine.

@nkalamb https://t.co/szwOXUASOE",DrTaraM,2020-09-25 03:35:34,"Melbourne, Victoria",0,1,Neutral_Tweet,pt
"RT @TirednEmo: âœ¨Abro hilo con razones para stanear a Machine gun Kellyâœ¨
https://t.co/JCR8OnLRdd",0riginalblud,2020-09-25 03:35:33,,15,0,Neutral_Tweet,pt
@oopsiewhoopsiee league can litteraly run on any machine,stnemil,2020-09-25 03:35:32,Canada,0,0,Neutral_Tweet,pt
RT @dcexaminer: .@dbongino: â€œI noticed when I came out of the MRI machine that the look on the doctorâ€™s face changed a little bit as he tolâ€¦,gibsonart,2020-09-25 03:35:32,USA,516,0,Neutral_Tweet,pt
RT @rajeshramand: After losing 2.1 crore salaried jobs this is no time to tinker with a smooth-running machine. If the mandis are inefficieâ€¦,jagmeetbrar7,2020-09-25 03:35:31,Muktsar Punjab,4,0,Neutral_Tweet,pt
@KnuckIfYou_Bukk @lloyd_anthony3 Joe on snap is a content machine,Trey_Grady,2020-09-25 03:35:31,West Lafayette,0,0,Neutral_Tweet,pt
"Attempted to do the handyman dad thing and fix the washing machine. After flooding the apartment hallway, I have reâ€¦ https://t.co/TklFGy8xd4",Riot_Stream,2020-09-25 03:35:31,,0,0,Neutral_Tweet,pt
RT @caitoz: The oligarchic propaganda machine is therefore the primary barrier to our transition from our self-destructive patterns into aâ€¦,duncanmacmartin,2020-09-25 03:35:30,Melbourne VIC,21,0,Neutral_Tweet,pt
"RT @pookleblinky: Every heartwarming human interest story in america is like ""he raised $20,000 to keep 200 orphans from being crushed in tâ€¦",eliganrood,2020-09-25 03:35:28,"tacoma, wa",356,0,Neutral_Tweet,pt
RT @Money23Green: Itâ€™s actually impossible for the NBA to be fixed. Itâ€™s just not a machine that you can program. Itâ€™s actual real life andâ€¦,KevinCold4,2020-09-25 03:35:26,,95,0,Neutral_Tweet,pt
"@oyenico Melanie martinez, lil wayne, machine gun kelly, the neighborhood, Sufjan Stevens",lenaiscrying,2020-09-25 03:35:26,,0,1,Neutral_Tweet,pt
can anyone make a remix of lil peep and machine gun Kelly or take parts of thier songs and make it a mash up? sameâ€¦ https://t.co/FVEPeDolco,laurel_losey,2020-09-25 03:35:24,"Toronto, Ontario",0,0,Neutral_Tweet,pt
"@meezatch The lies are pushed by #foxNews, the propaganda machine",ItsmeDonna8,2020-09-25 03:35:24,"Jacksonville, Florida ",0,1,Neutral_Tweet,pt
"This white police-----shot and killed a 7 year old black girl with a machine gun

While she was in her bed sleepingâ€¦ https://t.co/eA1VzFviM5",lisagray220,2020-09-25 03:35:22,,0,0,Neutral_Tweet,pt
RT @Money23Green: Itâ€™s actually impossible for the NBA to be fixed. Itâ€™s just not a machine that you can program. Itâ€™s actual real life andâ€¦,nathanswb,2020-09-25 03:35:21,United States,95,0,Neutral_Tweet,pt
RT @Money23Green: Itâ€™s actually impossible for the NBA to be fixed. Itâ€™s just not a machine that you can program. Itâ€™s actual real life andâ€¦,BradenBurke_,2020-09-25 03:35:21,Michigan,95,0,Neutral_Tweet,pt
@Deecee526 @SuzanneShelton @mmpadellan Ivanka had obtained voting machine trade marks while in China.,kittysrcute,2020-09-25 03:35:20,"Washington, DC",0,0,Neutral_Tweet,pt
"RT @BryanDawsonUSA: Itâ€™s not just Trump. Trump is merely a tool of the Republican death-eating, anti-democracy machine:

Republican Senatorâ€¦",eileen_kollar,2020-09-25 03:35:19,"San Jose, CA",144,0,Neutral_Tweet,pt
RT @johnfaith673: Kidd saidğŸ˜‚ğŸ˜‚ğŸ˜‚he thought biggie for bring Washing machine in the house with all the money his-makingğŸ˜‚ğŸ˜‚ğŸ˜‚ğŸ˜‚ğŸ˜‚ğŸ˜‚ğŸ˜‚ğŸ˜‚,_queenofkings_,2020-09-25 03:35:19,In a relationship with God ,55,0,Neutral_Tweet,pt
"RT @backroomsd: We are excited to announce that Backroom face masks are now available for sale! Comfortable, breathable, and machine washabâ€¦",krondosis,2020-09-25 03:35:17,"San Diego, CA",14,0,Neutral_Tweet,pt
RT @dcexaminer: .@dbongino: â€œI noticed when I came out of the MRI machine that the look on the doctorâ€™s face changed a little bit as he tolâ€¦,MReneeSF,2020-09-25 03:35:16,"San Francisco, CA",516,0,Neutral_Tweet,pt
"@Adrian_Xt @NotPorC Voting in that situation is a waste of your time, at the price of wasting the time of the machiâ€¦ https://t.co/vwghiuFUK7",dustinkinney007,2020-09-25 03:35:16,,0,0,Neutral_Tweet,pt
"RT @PutiMotor: ãƒ›ãƒ³ãƒ€ æ–°å‹CBR600RRãŒã€æœ¬æ—¥9/25ç™ºå£²â—ï¸

2016å¹´å›½å†…ä»•æ§˜ã®ç”Ÿç”£çµ‚äº†ã‹ã‚‰ã€æ–°ãŸãªæ­¦å™¨ã¨ãªã‚‹ã‚¦ã‚¤ãƒ³ã‚°ã‚„ã€é«˜å›è»¢åŒ–ï¼†ãƒ‘ãƒ¯ãƒ¼ã‚¢ãƒƒãƒ—ã—ãŸã‚¨ãƒ³ã‚¸ãƒ³ã€é›»å­åˆ¶å¾¡æºãˆã¦å¾©æ´»â€¼ï¸ğŸ˜³

ã€è£…å‚™è»Šé‡/ã‚·ãƒ¼ãƒˆé«˜/ã‚¿ãƒ³ã‚¯/æœ€é«˜å‡ºåŠ›/ä¾¡æ ¼ã€‘
194kg/820â€¦",yurupi077,2020-09-25 03:35:14,æ„›åª› æ¾å±±å¸‚,147,0,Neutral_Tweet,pt
RT @Money23Green: Itâ€™s actually impossible for the NBA to be fixed. Itâ€™s just not a machine that you can program. Itâ€™s actual real life andâ€¦,jessicadawn87,2020-09-25 03:35:14,"Phoenix, AZ",95,0,Neutral_Tweet,pt
"RT @daily_eevee: Eevee finds a time machine
#eevee #pokemon https://t.co/TKjl1p5SeZ",SUPERIOR1TY_,2020-09-25 03:35:14,The planet earth,476,0,Neutral_Tweet,pt
"RT @caitoz: Push the powerful until theyâ€™re forced to push back, exposing themselves. Get the machine to overextend itself into the light wâ€¦",duncanmacmartin,2020-09-25 03:35:14,Melbourne VIC,14,0,Neutral_Tweet,pt
"Just made a few book purchases ğŸ™ŒğŸ»

âœ¨Human + Machine 

âœ¨The Age of AI: Artificial Intelligence and the Future of Humâ€¦ https://t.co/Unyyy5FvWz",teukimounga,2020-09-25 03:35:12,,1,0,Neutral_Tweet,pt
"RT @SofianeRaul: FÃ©licitations au SÃ©ville de Lopetegui pour leur match de haut niveau face au Bayern.

Les grands clubs espagnols ont lâ€™orgâ€¦",JvanSFC,2020-09-25 03:35:12,Ramon Sanchez Pizjuan ,365,0,Neutral_Tweet,pt
"RT @gorillaz: Got your ticket for Song Machine Live yet?
ğŸ‘‰THREE live performances streamed to you in real time
ğŸ‘‰Performing to you live andâ€¦",ale_bellamy666,2020-09-25 03:35:09,Ctm uwu,191,0,Neutral_Tweet,pt
"RT @pookleblinky: Every heartwarming human interest story in america is like ""he raised $20,000 to keep 200 orphans from being crushed in tâ€¦",ItsJoPeace,2020-09-25 03:35:07,,357,0,Neutral_Tweet,pt
Hello East-European Shepherd do you have idea? Layla want ask why you are buffy  dog.  diploma swop baby riboflavinâ€¦ https://t.co/MqPjqlVKu4,Elamirkad,2020-09-25 03:35:07,,0,0,Neutral_Tweet,pt
RT @Money23Green: Itâ€™s actually impossible for the NBA to be fixed. Itâ€™s just not a machine that you can program. Itâ€™s actual real life andâ€¦,KingBenzizou,2020-09-25 03:35:06,,96,0,Neutral_Tweet,pt
@LuciaDQ4358 äº†è§£è‡´ã—ã¾ã—ãŸï¼,rush_machine,2020-09-25 03:35:06,,0,0,Neutral_Tweet,pt
RT @Money23Green: Itâ€™s actually impossible for the NBA to be fixed. Itâ€™s just not a machine that you can program. Itâ€™s actual real life andâ€¦,timkawakami,2020-09-25 03:35:05,"San Francisco, CA",96,0,Neutral_Tweet,pt
@itsDanBull @Boogie2988 I'm sorry for being in control of the rest of your career but you know that I can get someâ€¦ https://t.co/2SRZb0usmD,daddyofdaisy,2020-09-25 03:35:05,,0,0,Neutral_Tweet,pt
"RT @Gugaxd: FODA PRA CARALHO.

MACHINE GUN KELLY Ã‰ FODA PRA CARALHO. #TicketsToMyDownfall",NotBatwoman,2020-09-25 03:35:05,SIC âœ§ PARVIS âœ§ MAGNA ,1,0,Neutral_Tweet,pt
"RT @pookleblinky: Every heartwarming human interest story in america is like ""he raised $20,000 to keep 200 orphans from being crushed in tâ€¦",noexitlovenow,2020-09-25 03:35:03,,357,0,Neutral_Tweet,pt
"RT @jblefevre60: ğŸš€NASA is using Machine Learning to predict hurricane intensification!

#AI #MachineLearning #DeepLearning @spell_ml

@mvolâ€¦",rgrados,2020-09-25 03:35:02,Lima - PerÃº,36,0,Neutral_Tweet,pt
"RT @caitoz: Find weak points in the armor of the machine, and focus your firepower there. If thereâ€™s a narrative the propagandists are guarâ€¦",duncanmacmartin,2020-09-25 03:35:02,Melbourne VIC,8,0,Neutral_Tweet,pt
RT @fbgysl: weighted blanked make my washing machine sound like a warzone,_untuckedjersey,2020-09-25 03:35:00,"Flap City, Planet of the Capes",1,0,Neutral_Tweet,pt
"RT @PutiMotor: ãƒ›ãƒ³ãƒ€ æ–°å‹CBR600RRãŒã€æœ¬æ—¥9/25ç™ºå£²â—ï¸

2016å¹´å›½å†…ä»•æ§˜ã®ç”Ÿç”£çµ‚äº†ã‹ã‚‰ã€æ–°ãŸãªæ­¦å™¨ã¨ãªã‚‹ã‚¦ã‚¤ãƒ³ã‚°ã‚„ã€é«˜å›è»¢åŒ–ï¼†ãƒ‘ãƒ¯ãƒ¼ã‚¢ãƒƒãƒ—ã—ãŸã‚¨ãƒ³ã‚¸ãƒ³ã€é›»å­åˆ¶å¾¡æºãˆã¦å¾©æ´»â€¼ï¸ğŸ˜³

ã€è£…å‚™è»Šé‡/ã‚·ãƒ¼ãƒˆé«˜/ã‚¿ãƒ³ã‚¯/æœ€é«˜å‡ºåŠ›/ä¾¡æ ¼ã€‘
194kg/820â€¦",no_loop,2020-09-25 03:34:59,ã‚¹ã‚¿ãƒ¼ãƒˆãƒ©ã‚¤ãƒ³,147,0,Neutral_Tweet,pt
"RT @pookleblinky: Every heartwarming human interest story in america is like ""he raised $20,000 to keep 200 orphans from being crushed in tâ€¦",huckspapa,2020-09-25 03:34:58,,357,0,Neutral_Tweet,pt
"RT @ShawnGo09098770: I am 100% sure, in Louisville ky, the jail at 316 East Chestnut street houses the v2k machine, or ""braingate."" I haveâ€¦",CharismaAlasta1,2020-09-25 03:34:57,,1,0,Neutral_Tweet,pt
RT @SAMOYEDCORE: ive run the numbers. ive put them through the machine https://t.co/Ucm1kfNez4,ro__money,2020-09-25 03:34:55,practicing :woozy:,21,0,Neutral_Tweet,pt
RT @Money23Green: Itâ€™s actually impossible for the NBA to be fixed. Itâ€™s just not a machine that you can program. Itâ€™s actual real life andâ€¦,FootballGenius1,2020-09-25 03:34:53,,96,0,Neutral_Tweet,pt
RT @LifeWithChristy: â€œI dislike that exertion machineâ€ is a great way of saying that. ğŸš«ğŸƒğŸ¼â€â™€ï¸ #Timeless #SaveTimeless,itsMonica_hey,2020-09-25 03:34:48,United States,6,0,Neutral_Tweet,pt
ã’ãé…ãƒ¢ãƒå›ç·šã—ã­,pursuit_machine,2020-09-25 03:34:48,ãªã«ã‚,0,0,Neutral_Tweet,pt
åƒé³¥ã•ã‚“ã¡ã®2äººã€ã‚ã¾ã‚Šã«â€œæ•‘ã„â€ã™ãã¾ã™â€¦ğŸ˜­,machine_0091fe,2020-09-25 03:34:48,,0,0,Neutral_Tweet,pt
"RT @PutiMotor: ãƒ›ãƒ³ãƒ€ æ–°å‹CBR600RRãŒã€æœ¬æ—¥9/25ç™ºå£²â—ï¸

2016å¹´å›½å†…ä»•æ§˜ã®ç”Ÿç”£çµ‚äº†ã‹ã‚‰ã€æ–°ãŸãªæ­¦å™¨ã¨ãªã‚‹ã‚¦ã‚¤ãƒ³ã‚°ã‚„ã€é«˜å›è»¢åŒ–ï¼†ãƒ‘ãƒ¯ãƒ¼ã‚¢ãƒƒãƒ—ã—ãŸã‚¨ãƒ³ã‚¸ãƒ³ã€é›»å­åˆ¶å¾¡æºãˆã¦å¾©æ´»â€¼ï¸ğŸ˜³

ã€è£…å‚™è»Šé‡/ã‚·ãƒ¼ãƒˆé«˜/ã‚¿ãƒ³ã‚¯/æœ€é«˜å‡ºåŠ›/ä¾¡æ ¼ã€‘
194kg/820â€¦",CB400SB2010,2020-09-25 03:34:47,ã ã„ãŸã„ç†Šæœ¬,147,0,Neutral_Tweet,pt
RT @WilkieMP: I thought I couldnâ€™t be surprised anymore by the ruthless &amp; predatory poker machine industry. But to learn that the industryâ€¦,ericrenzhi,2020-09-25 03:34:47,Occupied Sydney Eora land,19,0,Neutral_Tweet,pt
RT @NFLFantasy: Ryan Fitzpatrick = PPR machine. https://t.co/HfQoc6uymr,TheReal_Hdizzle,2020-09-25 03:34:47,wherever's not guna get me hit,26,0,Neutral_Tweet,pt
vai halsey divulgar sua mÃºsica com o machine garota,ihateeverybory,2020-09-25 03:34:46,room 93,0,0,Neutral_Tweet,pt
"RT @NiziU__official: 9/24é…ä¿¡ã‚¹ã‚¿ãƒ¼ãƒˆã€NiziU 9 Nizi Storiesã€
æœ€çµ‚è©±ã§ç™ºè¡¨ã•ã‚Œã¾ã—ãŸãŒã€
ã€Nizi Projectã€ ã€NiziU 9 Nizi Storiesã€ã«ç¶šã

ï¼¼#NiziU ã®æ–°ãŸãªã‚ªãƒªã‚¸ãƒŠãƒ«ãƒ»ã‚³ãƒ³ãƒ†ãƒ³ãƒ„ãŒ
è¿‘æ—¥ #â€¦",laugh_machine_3,2020-09-25 03:34:46,ã‚¿ã‚¤ãƒ ãƒã‚·ãƒ¼ãƒ³3å·ã®å˜ç‹¬ãƒ©ã‚¤ãƒ–,691,0,Neutral_Tweet,pt
"RT @pookleblinky: Every heartwarming human interest story in america is like ""he raised $20,000 to keep 200 orphans from being crushed in tâ€¦",GottaGo2Space,2020-09-25 03:34:45,,357,0,Neutral_Tweet,pt
RT @Money23Green: Itâ€™s actually impossible for the NBA to be fixed. Itâ€™s just not a machine that you can program. Itâ€™s actual real life andâ€¦,PaulCulpo,2020-09-25 03:34:45,Vermont,96,0,Neutral_Tweet,pt
"RT @78Morpheus: So.... are you ready? Today has been a machine gun of booms. The media will ignore it, midnight riders. It is our job to seâ€¦",PamelaMThomas3,2020-09-25 03:34:43,,9,0,Neutral_Tweet,pt
RT @NFLFantasy: Ryan Fitzpatrick = PPR machine. https://t.co/HfQoc6uymr,NFLNews_Insider,2020-09-25 03:34:43,,26,0,Neutral_Tweet,pt
RT @lmjfluid: oq Ã© mÃºsica ruim? desculpa Ã© que eu sou fÃ£ de lauren jauregui e machine gun kelly,badattIovee,2020-09-25 03:34:42,ğ–˜ğ–ğ–Š/ğ–ğ–Šğ–— ğŸ’—ğŸ’œğŸ’™,7,0,Neutral_Tweet,pt
"RT @SofianeRaul: FÃ©licitations au SÃ©ville de Lopetegui pour leur match de haut niveau face au Bayern.

Les grands clubs espagnols ont lâ€™orgâ€¦",Adamsd78,2020-09-25 03:34:40,,365,0,Neutral_Tweet,pt
"There is one scene.. P didnt know how to use coffee machine, he almost burn the K's kitchen ğŸ˜† he is so innocent.. tâ€¦ https://t.co/XDOZ7OraTL",Inuyasya16_,2020-09-25 03:34:39,â€”at Bright's Mitral Valve,0,0,Neutral_Tweet,pt
RT @rajeshramand: After losing 2.1 crore salaried jobs this is no time to tinker with a smooth-running machine. If the mandis are inefficieâ€¦,BharteshThakur,2020-09-25 03:34:38,"Chandigarh, India",4,0,Neutral_Tweet,pt
"RT @SocalledShareef: If ""Bolny wali machine"" had a face ğŸ™„ğŸ˜‚

#NimraAli https://t.co/9kcgD3zCRe",MuhammadGhaniT1,2020-09-25 03:34:37,Hazro punjab,2,0,Neutral_Tweet,pt
RT @NFLFantasy: Ryan Fitzpatrick = PPR machine. https://t.co/HfQoc6uymr,LockedNLogi92,2020-09-25 03:34:37,"Tampa, FL",26,0,Neutral_Tweet,pt
"RT @pookleblinky: Every heartwarming human interest story in america is like ""he raised $20,000 to keep 200 orphans from being crushed in tâ€¦",DaminEsper,2020-09-25 03:34:37,,357,0,Neutral_Tweet,pt
We have 1 arcade machine in Parts &amp; Service.,FaceIessBunny,2020-09-25 03:34:32,,0,0,Neutral_Tweet,pt
BRUH YOU WORKED HARD TO GIVE US THE REAL PERFECTION THANK YOU FOR EVERYTHING MACHINE GUN KELLY       EST FOREVER ğŸ”¥ğŸŸï¸ https://t.co/xdhZBkkFyd,lmjfluid,2020-09-25 03:34:32,Tickets to my downfall,0,3,Neutral_Tweet,pt
"RT @pookleblinky: Every heartwarming human interest story in america is like ""he raised $20,000 to keep 200 orphans from being crushed in tâ€¦",yalinkitepes,2020-09-25 03:34:32,basket full of warm laundry,357,0,Neutral_Tweet,pt
@SatveerRathor5 @pawansatope @Abhishe10323796 @ParmishVerma Chutiye... Khud k lye kisani karne me kya h... Khud ugaâ€¦ https://t.co/l5NbLPeuyS,punter_memers,2020-09-25 03:34:31,India,0,0,Neutral_Tweet,pt
"RT @olapeixe: acabou de sair a balada que faltou em chromatica... plastic doll fazendo escola. um hino. que orgulho @ninarouge_

Art Machinâ€¦",ninarouge_,2020-09-25 03:34:27,"Porto Alegre, Brasil",1,0,Neutral_Tweet,pt
"RT @kanchanad123: #GodMorningTuesday
The star of the world. India 's machine of peace and happiness for the thousands of years ahead of theâ€¦",Santosh02049355,2020-09-25 03:34:26,,11,0,Neutral_Tweet,pt
"RT @Fancymancer: The fandom is split on whether Pitching Machine is...

-A normal, (possibly haunted) pitching machine. 
-A cool robot.
-Aâ€¦",rd_doodles,2020-09-25 03:34:25,"North Carolina, USA",138,0,Neutral_Tweet,pt
"So happy we were able to share our learning with others. 
@BeaverMST_Stars https://t.co/eTTkmzkt5u",cvdelira1,2020-09-25 03:37:44,,0,0,Positive_Tweet,en
"RT @callhimmoonie: She pretty. 
She learning. 
She in her bag. 
She untouched. 
She blessed. 
She focus. 

She is you , do it for you.",MarissaMuhammad,2020-09-25 03:37:42,"Kansas City, MO",10826,0,Positive_Tweet,en
"RT @callhimmoonie: She pretty. 
She learning. 
She in her bag. 
She untouched. 
She blessed. 
She focus. 

She is you , do it for you.",_aresendiz,2020-09-25 03:37:40,"Colorado, USA",10826,0,Positive_Tweet,en
"RT @traversymedia: Try to â€œunderstandâ€, and not just â€œrememberâ€, when learning code 

I used to try and remember certain methods, etc, withâ€¦",stevenitsme_5,2020-09-25 03:37:40,Philippines,147,0,Positive_Tweet,en
"RT @SkillsliveLMS: The Devil's in the Detail... Choose Your Learning Provider, Wisely. Skillslive is not just a quality and value-driven leâ€¦",gr_rusty,2020-09-25 03:37:40,Global,3,0,Positive_Tweet,en
"RT @theindieroyale: i lost bonds with mfs i loved to death, still learning to be careful with who i love.",Noeeyy_K,2020-09-25 03:37:39,Bahamas,3763,0,Positive_Tweet,en
"RT @Sharmistha_GK: I wud like 2 thank Honâ€™ble Congress President, Shri @RahulGandhi &amp; @sushmitadevinc 4 having given me the opportunity 2 sâ€¦",Prabhakarup1,2020-09-25 03:37:38,,402,0,Positive_Tweet,en
"RT @theindieroyale: i lost bonds with mfs i loved to death, still learning to be careful with who i love.",onlyonezee__,2020-09-25 03:37:37,,3763,0,Positive_Tweet,en
RT @svembu: 1/ One young man approached me recently to ask for advice to start a small manufacturing business in a rural area. He had arranâ€¦,subaganesh,2020-09-25 03:37:37,"Chennai, India",109,0,Positive_Tweet,en
"RT @ProfessorsOfPUP: Sampung araw bago ang pasukan ngayong new normal, wala pa ring natatanggap na guidelines ang mga propesor at instructoâ€¦",TedPylon,2020-09-25 03:37:36,,2,0,Positive_Tweet,en
Machine Learning Under a Modern Optimization Lens https://t.co/hPQQAFF8IM #datascience #ad,Datascience__,2020-09-25 03:37:36,,0,0,Positive_Tweet,en
"RT @voguemagazine: In a personal letter written exclusively for Vogue, @bts_bighit writes: ""We, BTS, are just seven young men growing and lâ€¦",StefanieFany7,2020-09-25 03:37:36,"Mogi GuaÃ§u, Brasil",6632,0,Positive_Tweet,en
"RT @callhimmoonie: She pretty. 
She learning. 
She in her bag. 
She untouched. 
She blessed. 
She focus. 

She is you , do it for you.",u_banks,2020-09-25 03:37:35,,10826,0,Positive_Tweet,en
"RT @voguemagazine: In a personal letter written exclusively for Vogue, @bts_bighit writes: ""We, BTS, are just seven young men growing and lâ€¦",frpdineshcara,2020-09-25 03:37:35,,6632,0,Positive_Tweet,en
"RT @theindieroyale: i lost bonds with mfs i loved to death, still learning to be careful with who i love.",shakey__7,2020-09-25 03:37:35,Godâ€™s WorkğŸ™ğŸ½,3763,0,Positive_Tweet,en
@AlxMD7 @michael_a_woods @__adel22 Explain Bron going to the hole and getting hacked 80% of the time and getting caâ€¦ https://t.co/DcArylnwGe,realnghrhetoric,2020-09-25 03:37:35,,0,0,Positive_Tweet,en
"RT @theindieroyale: i lost bonds with mfs i loved to death, still learning to be careful with who i love.",haylorose,2020-09-25 03:37:34,,3763,0,Positive_Tweet,en
@Anthonyab02 So why those students choose online class even if theres another choice which is modular learning??,j3jeMun,2020-09-25 03:37:34,"San Jose, Nueva Ecija",0,0,Positive_Tweet,en
"RT @theindieroyale: i lost bonds with mfs i loved to death, still learning to be careful with who i love.",MojoeDojo,2020-09-25 03:37:33,"Columbus, OH",3763,0,Positive_Tweet,en
RT @petertinti: An Atlanta police officer quit after learning that the department was colluding with developers to gin up felony arrests agâ€¦,We_are_Vector,2020-09-25 03:37:33,Everywhere,18343,0,Positive_Tweet,en
"RT @callhimmoonie: She pretty. 
She learning. 
She in her bag. 
She untouched. 
She blessed. 
She focus. 

She is you , do it for you.",_i_i______,2020-09-25 03:37:33,,10826,0,Positive_Tweet,en
"RT @callhimmoonie: She pretty. 
She learning. 
She in her bag. 
She untouched. 
She blessed. 
She focus. 

She is you , do it for you.",oscseonia,2020-09-25 03:37:33,,10826,0,Positive_Tweet,en
I talked to my dad on the phone for an hour and he was so interested in everything I had to say about my classes anâ€¦ https://t.co/niMHkeyWTh,taeiltaro,2020-09-25 03:37:33,was lilactaeil,0,0,Positive_Tweet,en
"RT @theindieroyale: i lost bonds with mfs i loved to death, still learning to be careful with who i love.",ItsMrsElba,2020-09-25 03:37:32,Harlem ,3763,0,Positive_Tweet,en
"RT @theindieroyale: i lost bonds with mfs i loved to death, still learning to be careful with who i love.",__Keykee,2020-09-25 03:37:32,,3763,0,Positive_Tweet,en
RT @ProfFeynman: The goal of teaching should not be to help the students learn how to memorize and spit out information under academic presâ€¦,HenrySaray,2020-09-25 03:37:32,,245,0,Positive_Tweet,en
RT @iamgletro: Iâ€™ll be learning war zone off stream ğŸ˜ˆ,refuez,2020-09-25 03:37:32,See into my lifeğŸ‘‰ğŸ½,0,0,Positive_Tweet,en
"RT @theindieroyale: i lost bonds with mfs i loved to death, still learning to be careful with who i love.",KeThaGreat,2020-09-25 03:37:29,,3763,0,Positive_Tweet,en
We are learning... https://t.co/Mv7fA6If1B,MigwiWambugu,2020-09-25 03:37:27,Nairobi Kenya.,0,0,Positive_Tweet,en
"RT @mayaaking: New: While some students lack internet and sit in parking lots for wi-fi, others have safely ventilated classrooms and learnâ€¦",let_sbe92,2020-09-25 03:37:27,,242,0,Positive_Tweet,en
"RT @aalbertoherraez: Today in Twinning is Learning...

We are so honored to have @Doctor_Harves talking about the power of Artificial Intelâ€¦",Purpleology999,2020-09-25 03:37:26,,5,0,Positive_Tweet,en
"RT @theindieroyale: i lost bonds with mfs i loved to death, still learning to be careful with who i love.",__jaonnaa,2020-09-25 03:37:25,uptown,3766,0,Positive_Tweet,en
RT @KLGilliamJr: More Virginians are learning that amendment 1 is not independent nor is it non-partisan. This morning I dropped off my balâ€¦,monidaw2,2020-09-25 03:37:25,in the dark depths of my mind,77,0,Positive_Tweet,en
"RT @Alqahtani_khald: Ø§Ù‡Ù… Ø§Ù„Ù…Ø±Ø§Ø¬Ø¹ Ù„Ù„Ù…Ù‡ØªÙ…ÙŠÙ† ÙÙŠ #Ø¹Ù„Ù…_Ø§Ù„Ø¨ÙŠØ§Ù†Ø§Øª 

1. Head First Statistics
2. Practical Statistics for Data Scientists
3. Introdâ€¦",EllaCha39081005,2020-09-25 03:37:24,,55,0,Positive_Tweet,en
"RT @callhimmoonie: She pretty. 
She learning. 
She in her bag. 
She untouched. 
She blessed. 
She focus. 

She is you , do it for you.",Kaayy_Li,2020-09-25 03:37:24,,10828,0,Positive_Tweet,en
RT @E_Sheninger: Remote and hybrid learning collaboration strategies using virtual breakout rooms and digital tools https://t.co/zGF4f5uzWEâ€¦,rhgauna,2020-09-25 03:37:23,,16,0,Positive_Tweet,en
@pepperonisecret Oh no! It's sucky to hear things get lost in the mail! I say learning some sewing basics is an alrâ€¦ https://t.co/EZuS6TV3UE,plushietoon,2020-09-25 03:37:23,,0,0,Positive_Tweet,en
@zee_zok i am LEARNING,necrologies,2020-09-25 03:37:22,@justinologies,0,0,Positive_Tweet,en
RT @thecolorxpurple: wait dixie chase charli and noah went to dinner again hold up why am i just learning this,ximmiximix,2020-09-25 03:37:21,,2,0,Positive_Tweet,en
"RT @DrBiden: How do you find time for yourself when you're working a full-time job, watching your kids and overseeing their learning, and tâ€¦",nedra992001,2020-09-25 03:37:21,United States,803,0,Positive_Tweet,en
"RT @theindieroyale: i lost bonds with mfs i loved to death, still learning to be careful with who i love.",KayBhaddThoe,2020-09-25 03:37:21,,3766,0,Positive_Tweet,en
Learning from International Schools Part II: Outbreaks after COVID-19 Re-openings: The Case of Israel â€“ Robert Slavâ€¦ https://t.co/UFBYpYFFqm,sdinhamunimelb,2020-09-25 03:37:20,,0,0,Positive_Tweet,en
"RT @DrBiden: How do you find time for yourself when you're working a full-time job, watching your kids and overseeing their learning, and tâ€¦",DebbieSunshine7,2020-09-25 03:37:20,,803,0,Positive_Tweet,en
RT @ProfFeynman: The goal of teaching should not be to help the students learn how to memorize and spit out information under academic presâ€¦,TheDudeAbidesM,2020-09-25 03:37:20,,245,0,Positive_Tweet,en
RT @vanguardjapan: çµŒæ¸ˆäºˆæ¸¬ã¯ã€æ°´æ™¶ç‰ã§å°†æ¥ã‚’å ã†ã“ã¨ã§ã¯ã‚ã‚Šã¾ã›ã‚“ã€‚äºˆæ¸¬ã¨ã¯ã€å¸‚å ´ã‚„çµŒæ¸ˆã®å‹•ãã‚’å®Œå…¨ã«è§£æ˜ã—ã‚ˆã†ã¨ã™ã‚‹ã“ã¨ã§ã¯ãªãã€ã‚ã‚‹æœŸé–“ã«ã¤ã„ã¦æœ€ã‚‚ç¢ºç‡ã®é«˜ã„ã‚·ãƒŠãƒªã‚ªã«æ³¨ç›®ã—ã€ã‚·ãƒŠãƒªã‚ªã®çµæœã‚’ä¸€å®šã®å¹…ã‚’æŒãŸã›ã¦æç¤ºã™ã‚‹ã“ã¨ã§ã™ã€‚â€• æœ€æ–°ã‚³ãƒ©ãƒ ã€ŒçµŒæ¸ˆäºˆæ¸¬ã‚’â€¦,shioi401shioi,2020-09-25 03:37:20,åƒè‘‰çœŒ,5,0,Positive_Tweet,en
"RT @theindieroyale: i lost bonds with mfs i loved to death, still learning to be careful with who i love.",make_achange18,2020-09-25 03:37:17,In my bed ,3767,0,Positive_Tweet,en
"RT @theindieroyale: i lost bonds with mfs i loved to death, still learning to be careful with who i love.",iAmBrie_,2020-09-25 03:37:17,,3767,0,Positive_Tweet,en
"RT @callhimmoonie: She pretty. 
She learning. 
She in her bag. 
She untouched. 
She blessed. 
She focus. 

She is you , do it for you.",aylinnaranjo24,2020-09-25 03:37:17,,10828,0,Positive_Tweet,en
"RT @SkillsliveLMS: The Devil's in the Detail... Choose Your Learning Provider, Wisely. Skillslive is not just a quality and value-driven leâ€¦",VenturesLoft,2020-09-25 03:37:14,"Australia, India & Europe",3,0,Positive_Tweet,en
"RT @NiggazWILIN: We ainâ€™t even learning, just submitting before 11:59",smh_outofmymind,2020-09-25 03:37:13,"Texas, USA",13168,0,Positive_Tweet,en
Th 1st 6yrs of both males and females should be with mother majority of Th Time for countenance of Spiritual Milk aâ€¦ https://t.co/zWN5ZxwDef,da13thsun,2020-09-25 03:37:12,Sirius Star Sun,0,0,Positive_Tweet,en
"RT @callhimmoonie: She pretty. 
She learning. 
She in her bag. 
She untouched. 
She blessed. 
She focus. 

She is you , do it for you.",__necismyth__,2020-09-25 03:37:11,"Cincinnati, OH",10828,0,Positive_Tweet,en
"RT @theindieroyale: i lost bonds with mfs i loved to death, still learning to be careful with who i love.",goldennquel,2020-09-25 03:37:10,"Memphis, TN",3767,0,Positive_Tweet,en
ã€è‹±ã€‘demanding jobã€æ—¥ã€‘ãã¤ã„ä»•äº‹  #TOEIC #TOEFL #è‹±æ¤œ  https://t.co/3T1qcIspUK,TOEIC_LEARNING,2020-09-25 03:37:10,,0,0,Positive_Tweet,en
"RT @theindieroyale: i lost bonds with mfs i loved to death, still learning to be careful with who i love.",est679_,2020-09-25 03:37:09,ğŸ‡§ğŸ‡¸,3767,0,Positive_Tweet,en
"RT @dame_jodi: always jud nako maquestion nganong naa pa mga GE subjects, don't get me wrong I actually enjoy some of them pero I think colâ€¦",ellie_vicencio,2020-09-25 03:37:09,Dvo,1,0,Positive_Tweet,en
"RT @jblefevre60: ğŸš€NASA is using Machine Learning to predict hurricane intensification!

#AI #MachineLearning #DeepLearning @spell_ml

@mvolâ€¦",Purpleology999,2020-09-25 03:37:08,,37,0,Positive_Tweet,en
RT @ProfFeynman: The goal of teaching should not be to help the students learn how to memorize and spit out information under academic presâ€¦,maucabreram,2020-09-25 03:37:08,"Pasto, Colombia",245,0,Positive_Tweet,en
RT @ProfFeynman: The goal of teaching should not be to help the students learn how to memorize and spit out information under academic presâ€¦,HempFarmOrg,2020-09-25 03:37:07,"Los Angeles, CA",245,0,Positive_Tweet,en
"RT @callhimmoonie: She pretty. 
She learning. 
She in her bag. 
She untouched. 
She blessed. 
She focus. 

She is you , do it for you.",_naebaeee,2020-09-25 03:37:06,"Shreveport, LA",10828,0,Positive_Tweet,en
"RT @Rude_Astrology: Me during Mars retrograde learning how to disengage when it is not about me, identifying triggers, not compromising myâ€¦",xXwhoroscopeXx,2020-09-25 03:37:06,"Dallas, TX",552,0,Positive_Tweet,en
"RT @DrBiden: How do you find time for yourself when you're working a full-time job, watching your kids and overseeing their learning, and tâ€¦",karenkathi,2020-09-25 03:37:06,,803,0,Positive_Tweet,en
"RT @zzsdrrr: Finally done my bby nie huaisang :*

//sorry for the shitty coloring sjhdjshğŸ™ğŸ˜­  i'm still learning how to color *cry*
#NieHuaiâ€¦",KD_wanyin,2020-09-25 03:37:05,Lotus Pier,36,0,Positive_Tweet,en
"RT @callhimmoonie: She pretty. 
She learning. 
She in her bag. 
She untouched. 
She blessed. 
She focus. 

She is you , do it for you.",YaoLinggg,2020-09-25 03:37:05,985 The Boot,10830,0,Positive_Tweet,en
"RT ProfFeynman ""The goal of teaching should not be to help the students learn how to memorize and spit out informatâ€¦ https://t.co/yxuZtxxIWz",neorestis,2020-09-25 03:37:04,Cyprus and UK,0,0,Positive_Tweet,en
RT @KCSScience: Eleanor Duckworth is one of the pioneers in teaching and learning. Reading her amazing work changed my thinking about teachâ€¦,tntutors,2020-09-25 03:37:04,Knoxville,2,0,Positive_Tweet,en
Noteman drawing! Students learning music notes! @priceowls @jcpsforward https://t.co/PgV2EPkSbE,priceowlsmusic,2020-09-25 03:37:04,"Kentucky, USA",0,0,Positive_Tweet,en
"RT @callhimmoonie: She pretty. 
She learning. 
She in her bag. 
She untouched. 
She blessed. 
She focus. 

She is you , do it for you.",mirandaz_1310,2020-09-25 03:37:03,,10830,0,Positive_Tweet,en
solo is learning.,izanaginojaaku,2020-09-25 03:37:03,at security,0,0,Positive_Tweet,en
RT @shuaHANghai: Hello po! Ako po si Angel Aldrinne R. Pinto. Kumakatok sa inyong puso upang manghingi ng kahit magkanong donasyon po paraâ€¦,jelaibbimbap,2020-09-25 03:37:02,ğŸ‡µğŸ‡­ â€¢she/herâ€¢ ,33,0,Positive_Tweet,en
"RT @voguemagazine: In a personal letter written exclusively for Vogue, @bts_bighit writes: ""We, BTS, are just seven young men growing and lâ€¦",sabrina_sophiee,2020-09-25 03:37:02,she/her nky,6633,0,Positive_Tweet,en
"RT @voguemagazine: In a personal letter written exclusively for Vogue, @bts_bighit writes: ""We, BTS, are just seven young men growing and lâ€¦",minhollly,2020-09-25 03:37:01,,6633,0,Positive_Tweet,en
"Institutions and teachers find workarounds to reach students enrolled in Western courses, but domestic internet rulâ€¦ https://t.co/jyTVrtOwyI",timeshighered,2020-09-25 03:37:01,Global,0,0,Positive_Tweet,en
"RT @rasangarocks: The best books to learn #MachineLearning 

1 - https://t.co/qEqCKhqNeX
2 - https://t.co/ATAXTQCeXo
3 - https://t.co/qX9PPâ€¦",_codenewbiebot,2020-09-25 03:37:00,,81,0,Positive_Tweet,en
"RT @theindieroyale: i lost bonds with mfs i loved to death, still learning to be careful with who i love.",tavryhohner,2020-09-25 03:37:00,"Muskogee, OK",3768,0,Positive_Tweet,en
â€œDevaluing our students and damaging their self-perceptions is not an aim of education. So why impose rules that doâ€¦ https://t.co/T00tC77Rnv,tanisteaches,2020-09-25 03:37:00,"Calgary, Alberta ",0,0,Positive_Tweet,en
RT @UR_Ninja: Wednesday night hundreds rallied in #Denver in solidarity with #BreonnaTaylor after learning of the news that no charges willâ€¦,bodukeharris,2020-09-25 03:36:59,,20,0,Positive_Tweet,en
"RT @voguemagazine: In a personal letter written exclusively for Vogue, @bts_bighit writes: ""We, BTS, are just seven young men growing and lâ€¦",monochromematic,2020-09-25 03:36:58,omelasğŸ“,6633,0,Positive_Tweet,en
"RT @callhimmoonie: She pretty. 
She learning. 
She in her bag. 
She untouched. 
She blessed. 
She focus. 

She is you , do it for you.",lesbrianna__,2020-09-25 03:36:57,Humboldt ,10831,0,Positive_Tweet,en
"RT @theangiestanton: Democrats claim parents and students don't want to go back to school.
 
I say let's prove them wrong.
 
Retweet and foâ€¦",mermaid__beauty,2020-09-25 03:36:57,"California, USA",2524,0,Positive_Tweet,en
@pensign Well you know me I am a huge diehard Alabama fan but itâ€™s not time for Tua. That team right now belongs toâ€¦ https://t.co/IAsApQaBB5,amanwiththemic,2020-09-25 03:36:55,"Oneonta, AL",0,0,Positive_Tweet,en
RT @ProfFeynman: The goal of teaching should not be to help the students learn how to memorize and spit out information under academic presâ€¦,bpohls,2020-09-25 03:36:55,,245,0,Positive_Tweet,en
BAKE WITH US| FAMILY FUN &amp; MATH NIGHT| VIRTUAL LEARNING https://t.co/urceQFEz7y via @YouTube https://t.co/suzpQWFzlk,UnordinaryMomx4,2020-09-25 03:36:55,ChicagoğŸ›©DFW,0,0,Positive_Tweet,en
"RT @theindieroyale: i lost bonds with mfs i loved to death, still learning to be careful with who i love.",NotYO_Ordinary,2020-09-25 03:36:54,,3769,0,Positive_Tweet,en
RT @ProfFeynman: The goal of teaching should not be to help the students learn how to memorize and spit out information under academic presâ€¦,rajagor,2020-09-25 03:36:54,Vridhachalam,245,0,Positive_Tweet,en
"RT @DrBiden: How do you find time for yourself when you're working a full-time job, watching your kids and overseeing their learning, and tâ€¦",berrysname,2020-09-25 03:36:53,INDIANA   USA,800,0,Positive_Tweet,en
"RT @MindShiftKQED: Dyslexia is the root of 80 percent of all learning disabilities, and yet in many families, schools, and even businesses,â€¦",rhgauna,2020-09-25 03:36:53,,56,0,Positive_Tweet,en
"RT @DrBiden: How do you find time for yourself when you're working a full-time job, watching your kids and overseeing their learning, and tâ€¦",FaithEllenLove,2020-09-25 03:36:53,"Plano, TX",800,0,Positive_Tweet,en
"ğŸˆMachine Learning NFL PlaysğŸˆ
Record: 15-18 +-4.36(+0.9)u 

MIA +3.0 1uâœ…

Machine Learning Simulations:
https://t.co/mswSmhIdo0",FreezerSports,2020-09-25 03:36:52,"Los Angeles, CA",0,1,Positive_Tweet,en
"RT @callhimmoonie: She pretty. 
She learning. 
She in her bag. 
She untouched. 
She blessed. 
She focus. 

She is you , do it for you.",paolapure,2020-09-25 03:36:51,"California, USA",10831,0,Positive_Tweet,en
"RT @DrBiden: How do you find time for yourself when you're working a full-time job, watching your kids and overseeing their learning, and tâ€¦",donale1,2020-09-25 03:36:50,"Arizona, USA",804,0,Positive_Tweet,en
"RT @zuza_real: Teenage boy: I wish to write a book, but I do not know life.
Young adult man: I wish the same, but I am still learning life.â€¦",PeterBlake17,2020-09-25 03:36:49,,682,0,Positive_Tweet,en
"Iâ€™m so focused on beating deadlines, I forgot Iâ€™m supposed to be learning",SavageSamosa,2020-09-25 03:36:48,,0,0,Positive_Tweet,en
"RT @sorealrico: She pretty. She learning. She in her bag. She untouched. She blessed. She focus. She is you, do it for you. â¤ï¸",JusstNu,2020-09-25 03:36:46,PhotographyğŸ‘¸ğŸ¿,18,0,Positive_Tweet,en
RT @Swamy39: @mousumioberoi @ishkarnBHANDARI @arnabofficial7 How about you learning to wait instead of looking for fast food outlets,mathur_1,2020-09-25 03:36:46,,9,0,Positive_Tweet,en
"RT @ahliyahmichelle: if yâ€™all got an adobe account, their Max event is free this year and itâ€™s usually $1500 ğŸ‘€ basically learning all of thâ€¦",Afrique_SoChic,2020-09-25 03:36:46,"Atlanta, GA",1388,0,Positive_Tweet,en
"RT @callhimmoonie: She pretty. 
She learning. 
She in her bag. 
She untouched. 
She blessed. 
She focus. 

She is you , do it for you.",Nataliaav4,2020-09-25 03:36:46,,10832,0,Positive_Tweet,en
"RT @winkeucandy: âhey, what are u doing?â 
â”€hwang hyunjin

      âi'm currently learning how to count.ââ€¦",OIF3LIX,2020-09-25 03:36:45,inaâ™¡stays,104,0,Positive_Tweet,en
"RT @nsbchd: What is Life?Life is a mixture of experiences you are having about good bad,happy unhappy,trust mistrust,bitter sweet happeningâ€¦",Sanjeevarora64,2020-09-25 03:36:45,Jammu/J&K UT ,6,0,Positive_Tweet,en
"RT @ElemPE1: Restroom Box! ğŸš½

- No interruptions/distractions
- Maximize learning time 

So simple, yet so effective. Great for K-2! Thanksâ€¦",NorcrossRoger,2020-09-25 03:36:45,"Saugerties, NY",11,0,Positive_Tweet,en
